[
  {
    "id": "8a76441a-8cbd-4b99-8a1f-bb4c1f18dfdc",
    "data": [
      {
        "text": "yes",
        "userDefined": false
      }
    ],
    "isTemplate": false,
    "count": 1,
    "updated": 0
  },
  {
    "id": "0083ef88-2868-43a8-8944-3e098dd55c7a",
    "data": [
      {
        "text": "okay I will",
        "userDefined": false
      }
    ],
    "isTemplate": false,
    "count": 2,
    "updated": 0
  },
  {
    "id": "7aac036a-55e5-468a-9f43-c8dbb456ff73",
    "data": [
      {
        "text": "why not",
        "userDefined": false
      }
    ],
    "isTemplate": false,
    "count": 0,
    "updated": 0
  },
  {
    "id": "89d7ed15-c76c-4cae-af40-053b39489a45",
    "data": [
      {
        "text": "yes that\u0027s alright",
        "userDefined": false
      }
    ],
    "isTemplate": false,
    "count": 0,
    "updated": 0
  },
  {
    "id": "f4d597c8-d098-46da-89fe-1a12f425cd58",
    "data": [
      {
        "text": "yes I do",
        "userDefined": false
      }
    ],
    "isTemplate": false,
    "count": 0,
    "updated": 0
  },
  {
    "id": "143c08ba-bb97-40cd-a4de-e7ba7615d210",
    "data": [
      {
        "text": "exactly",
        "userDefined": false
      }
    ],
    "isTemplate": false,
    "count": 1,
    "updated": 0
  },
  {
    "id": "023894ec-fc8b-4ec1-b8c1-a8bcbb24fc5a",
    "data": [
      {
        "text": "of course",
        "userDefined": false
      }
    ],
    "isTemplate": false,
    "count": 0,
    "updated": 0
  },
  {
    "id": "9d56f0ca-f4e0-4ea7-9b93-ebebd16edd4c",
    "data": [
      {
        "text": "yep that\u0027s ok",
        "userDefined": false
      }
    ],
    "isTemplate": false,
    "count": 0,
    "updated": 0
  },
  {
    "id": "d0a3f14b-a1e9-4641-a3e0-8fcb8dc32d85",
    "data": [
      {
        "text": "okay",
        "userDefined": false
      }
    ],
    "isTemplate": false,
    "count": 1,
    "updated": 0
  },
  {
    "id": "d753b5af-34db-4428-bdba-406fe267000c",
    "data": [
      {
        "text": "ok",
        "userDefined": false
      }
    ],
    "isTemplate": false,
    "count": 1,
    "updated": 0
  },
  {
    "id": "fd691abb-5b22-4393-9b08-aa9d5bc4b4a6",
    "data": [
      {
        "text": "for sure",
        "userDefined": false
      }
    ],
    "isTemplate": false,
    "count": 0,
    "updated": 0
  },
  {
    "id": "92fc2708-2b6e-41a1-8553-d13ce4e93f34",
    "data": [
      {
        "text": "sg",
        "userDefined": false
      }
    ],
    "isTemplate": false,
    "count": 0,
    "updated": 0
  },
  {
    "id": "f1e3a276-ea9e-4e31-85c2-df972bdb409d",
    "data": [
      {
        "text": "yes that\u0027t ok",
        "userDefined": false
      }
    ],
    "isTemplate": false,
    "count": 0,
    "updated": 0
  },
  {
    "id": "4d27c29e-8adf-4c0f-9512-6a68581c25f2",
    "data": [
      {
        "text": "I agree",
        "userDefined": false
      }
    ],
    "isTemplate": false,
    "count": 2,
    "updated": 0
  },
  {
    "id": "3cc63bfe-e1b0-47a2-b09a-ad8c0a5e53ec",
    "data": [
      {
        "text": "yes you can do it",
        "userDefined": false
      }
    ],
    "isTemplate": false,
    "count": 0,
    "updated": 0
  },
  {
    "id": "e4d39a0a-b1fe-42dc-855f-e2ecf1c7a070",
    "data": [
      {
        "text": "I don\u0027t mind",
        "userDefined": false
      }
    ],
    "isTemplate": false,
    "count": 3,
    "updated": 0
  },
  {
    "id": "b0126bf2-e04d-458f-bf16-d68600a247d8",
    "data": [
      {
        "text": "that one works",
        "userDefined": false
      }
    ],
    "isTemplate": false,
    "count": 0,
    "updated": 0
  },
  {
    "id": "556f1638-b813-4a6d-8a65-6c93ae0b0451",
    "data": [
      {
        "text": "that works",
        "userDefined": false
      }
    ],
    "isTemplate": false,
    "count": 0,
    "updated": 0
  },
  {
    "id": "42ce2151-bbe3-4263-9866-72712a4c25f4",
    "data": [
      {
        "text": "sure why not",
        "userDefined": false
      }
    ],
    "isTemplate": false,
    "count": 0,
    "updated": 0
  },
  {
    "id": "4743b629-c571-4645-bdc2-63269d1c0c66",
    "data": [
      {
        "text": "perfect",
        "userDefined": false
      }
    ],
    "isTemplate": false,
    "count": 0,
    "updated": 0
  },
  {
    "id": "13381537-1e8f-46e1-ac78-6a6bc2fe7d37",
    "data": [
      {
        "text": "yep that\u0027s right",
        "userDefined": false
      }
    ],
    "isTemplate": false,
    "count": 1,
    "updated": 0
  },
  {
    "id": "6d341828-72cd-4f96-89eb-bc5cbcd255dd",
    "data": [
      {
        "text": "I think so",
        "userDefined": false
      }
    ],
    "isTemplate": false,
    "count": 0,
    "updated": 0
  },
  {
    "id": "4320d555-a38f-492d-b1fc-6d16fdc54e79",
    "data": [
      {
        "text": "yes I agree",
        "userDefined": false
      }
    ],
    "isTemplate": false,
    "count": 1,
    "updated": 0
  },
  {
    "id": "68b6cd35-4229-4674-94d6-46615ebab6ba",
    "data": [
      {
        "text": "sure",
        "userDefined": false
      }
    ],
    "isTemplate": false,
    "count": 2,
    "updated": 0
  },
  {
    "id": "eba08d9b-f87d-4232-8874-be4da3029007",
    "data": [
      {
        "text": "sounds correct",
        "userDefined": false
      }
    ],
    "isTemplate": false,
    "count": 1,
    "updated": 0
  },
  {
    "id": "ee5b2ffc-9c14-4a20-9e00-31cb8635c52c",
    "data": [
      {
        "text": "sounds good",
        "userDefined": false
      }
    ],
    "isTemplate": false,
    "count": 0,
    "updated": 0
  },
  {
    "id": "e1f1d448-2705-47b8-92f5-4960656f346b",
    "data": [
      {
        "text": "that\u0027s correct",
        "userDefined": false
      }
    ],
    "isTemplate": false,
    "count": 0,
    "updated": 0
  },
  {
    "id": "50cf224f-9f07-4975-bf7b-441ab549ff6e",
    "data": [
      {
        "text": "go ahead",
        "userDefined": false
      }
    ],
    "isTemplate": false,
    "count": 1,
    "updated": 0
  },
  {
    "id": "1296a391-d3e6-49c8-9eaa-39943cf8544f",
    "data": [
      {
        "text": "do it",
        "userDefined": false
      }
    ],
    "isTemplate": false,
    "count": 1,
    "updated": 0
  },
  {
    "id": "55cd75db-90a7-4daf-947b-ecd03090e8b9",
    "data": [
      {
        "text": "it\u0027s fine",
        "userDefined": false
      }
    ],
    "isTemplate": false,
    "count": 0,
    "updated": 0
  },
  {
    "id": "1fe10ef0-0823-4efa-b4ef-730bc1f931b3",
    "data": [
      {
        "text": "yeah",
        "userDefined": false
      }
    ],
    "isTemplate": false,
    "count": 0,
    "updated": 0
  },
  {
    "id": "4a8d741c-808c-45f8-bf90-ab32b99e0060",
    "data": [
      {
        "text": "yes please",
        "userDefined": false
      }
    ],
    "isTemplate": false,
    "count": 0,
    "updated": 0
  },
  {
    "id": "a05b793f-9a1d-460d-b1b6-c1a5b98d24d9",
    "data": [
      {
        "text": "it\u0027s okay",
        "userDefined": false
      }
    ],
    "isTemplate": false,
    "count": 0,
    "updated": 0
  },
  {
    "id": "88a721b8-99ce-4a51-bf78-f106361f402a",
    "data": [
      {
        "text": "alright why not",
        "userDefined": false
      }
    ],
    "isTemplate": false,
    "count": 0,
    "updated": 0
  },
  {
    "id": "df7428d3-7f27-40c7-b0d0-3456d0c8df91",
    "data": [
      {
        "text": "alright",
        "userDefined": false
      }
    ],
    "isTemplate": false,
    "count": 0,
    "updated": 0
  },
  {
    "id": "8f9f71af-76ec-424f-b28a-ece5b6f1dc95",
    "data": [
      {
        "text": "right",
        "userDefined": false
      }
    ],
    "isTemplate": false,
    "count": 0,
    "updated": 0
  },
  {
    "id": "96b0889c-e64c-4ba3-83d3-495a0385917a",
    "data": [
      {
        "text": "it looks perfect",
        "userDefined": false
      }
    ],
    "isTemplate": false,
    "count": 0,
    "updated": 0
  },
  {
    "id": "5a7c1865-6c90-4c93-8ea5-b7cacad6dcef",
    "data": [
      {
        "text": "yes I can",
        "userDefined": false
      }
    ],
    "isTemplate": false,
    "count": 0,
    "updated": 0
  },
  {
    "id": "ab7709c6-2eca-4ecf-812d-1e4527f1e709",
    "data": [
      {
        "text": "yup",
        "userDefined": false
      }
    ],
    "isTemplate": false,
    "count": 0,
    "updated": 0
  },
  {
    "id": "3312fe28-dfeb-4fa6-98f6-9569c6cb393f",
    "data": [
      {
        "text": "yep",
        "userDefined": false
      }
    ],
    "isTemplate": false,
    "count": 0,
    "updated": 0
  },
  {
    "id": "8c7413fc-4b6d-4e88-9d48-30ae98d09621",
    "data": [
      {
        "text": "none",
        "alias": "body",
        "meta": "@body",
        "userDefined": true
      }
    ],
    "isTemplate": false,
    "count": 2,
    "updated": 0
  },
  {
    "id": "bec66802-e909-4fe2-949c-ba71064c6040",
    "data": [
      {
        "text": "graphite",
        "alias": "inorganic",
        "meta": "@inorganic",
        "userDefined": true
      }
    ],
    "isTemplate": false,
    "count": 0,
    "updated": 0
  },
  {
    "id": "23194245-fe5b-4d1a-a5db-250bc681c64c",
    "data": [
      {
        "text": "charcoal",
        "alias": "oak",
        "meta": "@oak",
        "userDefined": true
      }
    ],
    "isTemplate": false,
    "count": 0,
    "updated": 0
  },
  {
    "id": "ac8dc60f-a480-4e07-a3a2-805600d34a2a",
    "data": [
      {
        "text": "vegetal",
        "alias": "herb",
        "meta": "@herb",
        "userDefined": true
      }
    ],
    "isTemplate": false,
    "count": 0,
    "updated": 0
  },
  {
    "id": "75f2ddbc-22d0-4115-aaa2-e4db8c132a5b",
    "data": [
      {
        "text": "violet",
        "alias": "flower",
        "meta": "@flower",
        "userDefined": true
      }
    ],
    "isTemplate": false,
    "count": 0,
    "updated": 0
  },
  {
    "id": "f7050154-ef27-48d2-a259-8ac024f24b21",
    "data": [
      {
        "text": "ripe",
        "alias": "fruit",
        "meta": "@fruit",
        "userDefined": true
      }
    ],
    "isTemplate": false,
    "count": 0,
    "updated": 0
  },
  {
    "id": "30376202-ec1a-41dc-8286-3ab9c2459d81",
    "data": [
      {
        "text": "musky",
        "alias": "spice",
        "meta": "@spice",
        "userDefined": true
      }
    ],
    "isTemplate": false,
    "count": 0,
    "updated": 0
  },
  {
    "id": "bafd7a8b-9376-4e57-8837-01c3efb44041",
    "data": [
      {
        "text": "jammy",
        "alias": "alcohol",
        "meta": "@alcohol",
        "userDefined": true
      }
    ],
    "isTemplate": false,
    "count": 0,
    "updated": 0
  },
  {
    "id": "76f78268-bcd7-4a1e-89d9-100084941656",
    "data": [
      {
        "text": "bright",
        "alias": "acidity",
        "meta": "@acidity",
        "userDefined": true
      }
    ],
    "isTemplate": false,
    "count": 0,
    "updated": 0
  },
  {
    "id": "c66ddd31-e076-4822-887d-d36b18db1108",
    "data": [
      {
        "text": "bitter",
        "alias": "tannin",
        "meta": "@tannin",
        "userDefined": true
      }
    ],
    "isTemplate": false,
    "count": 0,
    "updated": 0
  },
  {
    "id": "8e30ee8b-7965-455d-b102-05a300ae1357",
    "data": [
      {
        "text": "smoky",
        "alias": "style",
        "meta": "@style",
        "userDefined": true
      }
    ],
    "isTemplate": false,
    "count": 0,
    "updated": 0
  },
  {
    "id": "573ae34a-c45d-4925-b286-5170fc304465",
    "data": [
      {
        "text": "sour",
        "alias": "yeast",
        "meta": "@yeast",
        "userDefined": true
      }
    ],
    "isTemplate": false,
    "count": 0,
    "updated": 0
  },
  {
    "id": "ea7288b8-8619-4dbf-a24c-9f3120cf9a41",
    "data": [
      {
        "text": "thin",
        "alias": "body",
        "meta": "@body",
        "userDefined": true
      }
    ],
    "isTemplate": false,
    "count": 0,
    "updated": 0
  },
  {
    "id": "4c5d3c18-c171-4646-b8d1-858c905555e1",
    "data": [
      {
        "text": "thin",
        "alias": "body",
        "meta": "@body",
        "userDefined": true
      },
      {
        "text": ", ",
        "userDefined": false
      },
      {
        "text": "hollow",
        "alias": "body",
        "meta": "@body",
        "userDefined": true
      },
      {
        "text": " and ",
        "userDefined": false
      },
      {
        "text": "short",
        "alias": "body",
        "meta": "@body",
        "userDefined": true
      }
    ],
    "isTemplate": false,
    "count": 0,
    "updated": 0
  },
  {
    "id": "94884129-97a7-4d77-b310-88d7db392eb9",
    "data": [
      {
        "text": "thin",
        "alias": "body",
        "meta": "@body",
        "userDefined": true
      },
      {
        "text": ", ",
        "userDefined": false
      },
      {
        "text": "hollow",
        "alias": "body",
        "meta": "@body",
        "userDefined": true
      },
      {
        "text": ", ",
        "userDefined": false
      },
      {
        "text": "short",
        "alias": "body",
        "meta": "@body",
        "userDefined": true
      }
    ],
    "isTemplate": false,
    "count": 0,
    "updated": 0
  },
  {
    "id": "e826ff4d-875d-4073-89c5-1dba1203e3ce",
    "data": [
      {
        "text": "confirm",
        "userDefined": false
      }
    ],
    "isTemplate": false,
    "count": 1,
    "updated": 0
  },
  {
    "id": "29adab5b-d5e3-450b-b385-1538d0ad21da",
    "data": [
      {
        "text": "absolutely",
        "userDefined": false
      }
    ],
    "isTemplate": false,
    "count": 1,
    "updated": 0
  }
]