[
  {
    "id": "0081991a-6c42-4aca-8400-75cbf9cfbab4",
    "data": [
      {
        "text": "Here is the description: ",
        "userDefined": false
      },
      {
        "text": "text",
        "alias": "description",
        "meta": "@sys.any",
        "userDefined": true
      }
    ],
    "isTemplate": false,
    "count": 0,
    "updated": 0
  },
  {
    "id": "7d6a9a13-90d9-465a-938b-80e11b11a989",
    "data": [
      {
        "text": "I\u0027m looking for ",
        "userDefined": false
      },
      {
        "text": "text",
        "alias": "description",
        "meta": "@sys.any",
        "userDefined": true
      }
    ],
    "isTemplate": false,
    "count": 0,
    "updated": 0
  }
]