[
  {
    "id": "7d1af1b4-daae-4719-aa81-66c40b3aac45",
    "data": [
      {
        "text": "first",
        "meta": "@sys.ignore",
        "userDefined": false
      },
      {
        "text": " kind of search",
        "userDefined": false
      }
    ],
    "isTemplate": false,
    "count": 0,
    "updated": 0
  },
  {
    "id": "c993557e-b9ee-4550-bd5d-7d645db9f445",
    "data": [
      {
        "text": "first",
        "meta": "@sys.ignore",
        "userDefined": false
      },
      {
        "text": " mode",
        "userDefined": false
      }
    ],
    "isTemplate": false,
    "count": 0,
    "updated": 0
  },
  {
    "id": "50526ec3-786b-4f22-b793-4208e8c846ca",
    "data": [
      {
        "text": "I\u0027m an expert",
        "userDefined": false
      }
    ],
    "isTemplate": false,
    "count": 0,
    "updated": 0
  },
  {
    "id": "f6509255-82ee-4980-9ce6-25a7bf57ce9d",
    "data": [
      {
        "text": "description",
        "userDefined": false
      }
    ],
    "isTemplate": false,
    "count": 0,
    "updated": 0
  },
  {
    "id": "ec2c12cd-b3c4-4e30-9bb9-65cdb4833113",
    "data": [
      {
        "text": "I\u0027ll give you a description",
        "userDefined": false
      }
    ],
    "isTemplate": false,
    "count": 0,
    "updated": 0
  }
]