[
  {
    "value": "bright",
    "synonyms": [
      "bright"
    ]
  },
  {
    "value": "astringent",
    "synonyms": [
      "astringent"
    ]
  },
  {
    "value": "austere",
    "synonyms": [
      "austere"
    ]
  },
  {
    "value": "thin",
    "synonyms": [
      "thin"
    ]
  },
  {
    "value": "lean",
    "synonyms": [
      "lean"
    ]
  },
  {
    "value": "angular",
    "synonyms": [
      "angular"
    ]
  },
  {
    "value": "racy",
    "synonyms": [
      "racy"
    ]
  },
  {
    "value": "tart",
    "synonyms": [
      "tart"
    ]
  },
  {
    "value": "edgy",
    "synonyms": [
      "edgy"
    ]
  },
  {
    "value": "nerve",
    "synonyms": [
      "nerve"
    ]
  },
  {
    "value": "zippy",
    "synonyms": [
      "zippy"
    ]
  },
  {
    "value": "zesty",
    "synonyms": [
      "zesty"
    ]
  },
  {
    "value": "lively",
    "synonyms": [
      "lively"
    ]
  },
  {
    "value": "fresh",
    "synonyms": [
      "fresh"
    ]
  },
  {
    "value": "crisp",
    "synonyms": [
      "crisp"
    ]
  },
  {
    "value": "delicate",
    "synonyms": [
      "delicate"
    ]
  },
  {
    "value": "soft",
    "synonyms": [
      "soft"
    ]
  },
  {
    "value": "flabby",
    "synonyms": [
      "flabby"
    ]
  },
  {
    "value": "fallen over",
    "synonyms": [
      "fallen over"
    ]
  },
  {
    "value": "flat",
    "synonyms": [
      "flat"
    ]
  }
]