[
  {
    "value": "thin",
    "synonyms": [
      "thin"
    ]
  },
  {
    "value": "cliff edge",
    "synonyms": [
      "cliff edge",
      "cliff-edge"
    ]
  },
  {
    "value": "hollow",
    "synonyms": [
      "hollow"
    ]
  },
  {
    "value": "mellow",
    "synonyms": [
      "mellow"
    ]
  },
  {
    "value": "short",
    "synonyms": [
      "short"
    ]
  },
  {
    "value": "austere",
    "synonyms": [
      "austere"
    ]
  },
  {
    "value": "angular",
    "synonyms": [
      "angular"
    ]
  },
  {
    "value": "delicate",
    "synonyms": [
      "delicate"
    ]
  },
  {
    "value": "elegant",
    "synonyms": [
      "elegant"
    ]
  },
  {
    "value": "light bodied",
    "synonyms": [
      "light bodied",
      "light-bodied"
    ]
  },
  {
    "value": "finesse",
    "synonyms": [
      "finesse"
    ]
  },
  {
    "value": "closed",
    "synonyms": [
      "closed"
    ]
  },
  {
    "value": "polished",
    "synonyms": [
      "polished"
    ]
  },
  {
    "value": "complex",
    "synonyms": [
      "complex"
    ]
  },
  {
    "value": "full bodied",
    "synonyms": [
      "full bodied",
      "full-bodied"
    ]
  },
  {
    "value": "tight",
    "synonyms": [
      "tight"
    ]
  },
  {
    "value": "firm",
    "synonyms": [
      "firm"
    ]
  },
  {
    "value": "powerful",
    "synonyms": [
      "powerful"
    ]
  },
  {
    "value": "concentrated",
    "synonyms": [
      "concentrated"
    ]
  },
  {
    "value": "dense",
    "synonyms": [
      "dense"
    ]
  },
  {
    "value": "opulent",
    "synonyms": [
      "opulent"
    ]
  },
  {
    "value": "rich",
    "synonyms": [
      "rich"
    ]
  },
  {
    "value": "extracted",
    "synonyms": [
      "extracted"
    ]
  },
  {
    "value": "flabby",
    "synonyms": [
      "flabby"
    ]
  },
  {
    "value": "flat",
    "synonyms": [
      "flat"
    ]
  }
]