[
  {
    "value": "white flowers",
    "synonyms": [
      "white flowers"
    ]
  },
  {
    "value": "violet",
    "synonyms": [
      "violet"
    ]
  },
  {
    "value": "perfumed",
    "synonyms": [
      "perfumed"
    ]
  },
  {
    "value": "lavender",
    "synonyms": [
      "lavender"
    ]
  },
  {
    "value": "rose",
    "synonyms": [
      "rose"
    ]
  },
  {
    "value": "citrus blossom",
    "synonyms": [
      "citrus blossom"
    ]
  },
  {
    "value": "geranium",
    "synonyms": [
      "geranium"
    ]
  }
]