[
  {
    "value": "jammy",
    "synonyms": [
      "jammy"
    ]
  },
  {
    "value": "ripe",
    "synonyms": [
      "ripe"
    ]
  },
  {
    "value": "juicy",
    "synonyms": [
      "juicy"
    ]
  },
  {
    "value": "flamboyant",
    "synonyms": [
      "flamboyant"
    ]
  },
  {
    "value": "fleshy",
    "synonyms": [
      "fleshy"
    ]
  },
  {
    "value": "extracted",
    "synonyms": [
      "extracted"
    ]
  },
  {
    "value": "plummy",
    "synonyms": [
      "plummy"
    ]
  },
  {
    "value": "red fruit",
    "synonyms": [
      "red fruit"
    ]
  },
  {
    "value": "black gruit",
    "synonyms": [
      "black gruit"
    ]
  },
  {
    "value": "grapey",
    "synonyms": [
      "grapey"
    ]
  },
  {
    "value": "berry",
    "synonyms": [
      "berry"
    ]
  },
  {
    "value": "cassis",
    "synonyms": [
      "cassis"
    ]
  },
  {
    "value": "citrus",
    "synonyms": [
      "citrus"
    ]
  },
  {
    "value": "stone fruit",
    "synonyms": [
      "stone fruit"
    ]
  },
  {
    "value": "tropical fruit",
    "synonyms": [
      "tropical fruit"
    ]
  },
  {
    "value": "melon",
    "synonyms": [
      "melon"
    ]
  },
  {
    "value": "apple",
    "synonyms": [
      "apple"
    ]
  },
  {
    "value": "strawberry",
    "synonyms": [
      "strawberry"
    ]
  },
  {
    "value": "raspberry",
    "synonyms": [
      "raspberry"
    ]
  },
  {
    "value": "cherry",
    "synonyms": [
      "cherry"
    ]
  },
  {
    "value": "blueberry",
    "synonyms": [
      "blueberry"
    ]
  },
  {
    "value": "blackberry",
    "synonyms": [
      "blackberry"
    ]
  },
  {
    "value": "lime",
    "synonyms": [
      "lime"
    ]
  },
  {
    "value": "lemon",
    "synonyms": [
      "lemon"
    ]
  },
  {
    "value": "orange",
    "synonyms": [
      "orange"
    ]
  },
  {
    "value": "grapefruit",
    "synonyms": [
      "grapefruit"
    ]
  },
  {
    "value": "apricot",
    "synonyms": [
      "apricot"
    ]
  },
  {
    "value": "nectarine",
    "synonyms": [
      "nectarine"
    ]
  },
  {
    "value": "peach",
    "synonyms": [
      "peach"
    ]
  },
  {
    "value": "banana",
    "synonyms": [
      "banana"
    ]
  },
  {
    "value": "pineapple",
    "synonyms": [
      "pineapple"
    ]
  },
  {
    "value": "lychee",
    "synonyms": [
      "lychee"
    ]
  },
  {
    "value": "coconut",
    "synonyms": [
      "coconut"
    ]
  }
]