[
  {
    "value": "stemmy",
    "synonyms": [
      "stemmy"
    ]
  },
  {
    "value": "stalky",
    "synonyms": [
      "stalky"
    ]
  },
  {
    "value": "vegetal",
    "synonyms": [
      "vegetal"
    ]
  },
  {
    "value": "asparagus",
    "synonyms": [
      "asparagus"
    ]
  },
  {
    "value": "green",
    "synonyms": [
      "green"
    ]
  },
  {
    "value": "grassy",
    "synonyms": [
      "grassy"
    ]
  },
  {
    "value": "sage",
    "synonyms": [
      "sage"
    ]
  },
  {
    "value": "eucalyptus",
    "synonyms": [
      "eucalyptus"
    ]
  },
  {
    "value": "jalapeno",
    "synonyms": [
      "jalapeno"
    ]
  },
  {
    "value": "dill",
    "synonyms": [
      "dill"
    ]
  },
  {
    "value": "bell pepper",
    "synonyms": [
      "bell pepper"
    ]
  },
  {
    "value": "gooseberry",
    "synonyms": [
      "gooseberry"
    ]
  },
  {
    "value": "quince",
    "synonyms": [
      "quince"
    ]
  }
]