[
  {
    "value": "minerality",
    "synonyms": [
      "minerality"
    ]
  },
  {
    "value": "graphite",
    "synonyms": [
      "graphite"
    ]
  },
  {
    "value": "petichor",
    "synonyms": [
      "petichor"
    ]
  },
  {
    "value": "unctuous",
    "synonyms": [
      "unctuous"
    ]
  },
  {
    "value": "oily",
    "synonyms": [
      "oily"
    ]
  },
  {
    "value": "petroleum",
    "synonyms": [
      "petroleum"
    ]
  },
  {
    "value": "plastic",
    "synonyms": [
      "plastic"
    ]
  },
  {
    "value": "tar",
    "synonyms": [
      "tar"
    ]
  },
  {
    "value": "rubber",
    "synonyms": [
      "rubber"
    ]
  },
  {
    "value": "diesel",
    "synonyms": [
      "diesel"
    ]
  },
  {
    "value": "smoky",
    "synonyms": [
      "smoky"
    ]
  }
]