[
  {
    "value": "smoky",
    "synonyms": [
      "smoky"
    ]
  },
  {
    "value": "charcoal",
    "synonyms": [
      "charcoal"
    ]
  },
  {
    "value": "sweet tobacco",
    "synonyms": [
      "sweet tobacco"
    ]
  },
  {
    "value": "toasty",
    "synonyms": [
      "toasty"
    ]
  },
  {
    "value": "spicy",
    "synonyms": [
      "spicy"
    ]
  },
  {
    "value": "clove",
    "synonyms": [
      "clove"
    ]
  },
  {
    "value": "nutty",
    "synonyms": [
      "nutty"
    ]
  },
  {
    "value": "coconut",
    "synonyms": [
      "coconut"
    ]
  },
  {
    "value": "caramel",
    "synonyms": [
      "caramel"
    ]
  },
  {
    "value": "vanilla",
    "synonyms": [
      "vanilla"
    ]
  },
  {
    "value": "buttery",
    "synonyms": [
      "buttery"
    ]
  },
  {
    "value": "dill",
    "synonyms": [
      "dill"
    ]
  },
  {
    "value": "creamy",
    "synonyms": [
      "creamy"
    ]
  }
]