[
  {
    "value": "spicy",
    "synonyms": [
      "spicy"
    ]
  },
  {
    "value": "musky",
    "synonyms": [
      "musky"
    ]
  },
  {
    "value": "bright",
    "synonyms": [
      "bright"
    ]
  },
  {
    "value": "pepper",
    "synonyms": [
      "pepper"
    ]
  },
  {
    "value": "anise",
    "synonyms": [
      "anise"
    ]
  },
  {
    "value": "clove",
    "synonyms": [
      "clove"
    ]
  },
  {
    "value": "cinnamon",
    "synonyms": [
      "cinnamon"
    ]
  },
  {
    "value": "nutmeg",
    "synonyms": [
      "nutmeg"
    ]
  },
  {
    "value": "saffron",
    "synonyms": [
      "saffron"
    ]
  },
  {
    "value": "ginger",
    "synonyms": [
      "ginger"
    ]
  }
]