[
  {
    "value": "barnyard",
    "synonyms": [
      "barnyard"
    ]
  },
  {
    "value": "smoky",
    "synonyms": [
      "smoky"
    ]
  },
  {
    "value": "earthy",
    "synonyms": [
      "earthy"
    ]
  },
  {
    "value": "leathery",
    "synonyms": [
      "leathery"
    ]
  },
  {
    "value": "musky",
    "synonyms": [
      "musky"
    ]
  },
  {
    "value": "fleshy",
    "synonyms": [
      "fleshy"
    ]
  },
  {
    "value": "accessible",
    "synonyms": [
      "accessible"
    ]
  },
  {
    "value": "clean",
    "synonyms": [
      "clean"
    ]
  },
  {
    "value": "delicate",
    "synonyms": [
      "delicate"
    ]
  },
  {
    "value": "elegant",
    "synonyms": [
      "elegant"
    ]
  },
  {
    "value": "polished",
    "synonyms": [
      "polished"
    ]
  },
  {
    "value": "refined",
    "synonyms": [
      "refined"
    ]
  }
]