[
  {
    "value": "bitter",
    "synonyms": [
      "bitter"
    ]
  },
  {
    "value": "harsh",
    "synonyms": [
      "harsh"
    ]
  },
  {
    "value": "aggressive",
    "synonyms": [
      "aggressive"
    ]
  },
  {
    "value": "grippy",
    "synonyms": [
      "grippy"
    ]
  },
  {
    "value": "angular",
    "synonyms": [
      "angular"
    ]
  },
  {
    "value": "powerful",
    "synonyms": [
      "powerful"
    ]
  },
  {
    "value": "coarse",
    "synonyms": [
      "coarse"
    ]
  },
  {
    "value": "leathery",
    "synonyms": [
      "leathery"
    ]
  },
  {
    "value": "rigid",
    "synonyms": [
      "rigid"
    ]
  },
  {
    "value": "muscular",
    "synonyms": [
      "muscular"
    ]
  },
  {
    "value": "firm",
    "synonyms": [
      "firm"
    ]
  },
  {
    "value": "structured",
    "synonyms": [
      "structured"
    ]
  },
  {
    "value": "chewy",
    "synonyms": [
      "chewy"
    ]
  },
  {
    "value": "chocolate",
    "synonyms": [
      "chocolate"
    ]
  },
  {
    "value": "silky",
    "synonyms": [
      "silky"
    ]
  },
  {
    "value": "smooth",
    "synonyms": [
      "smooth"
    ]
  },
  {
    "value": "round",
    "synonyms": [
      "round"
    ]
  },
  {
    "value": "opulent",
    "synonyms": [
      "opulent"
    ]
  },
  {
    "value": "velvety",
    "synonyms": [
      "velvety"
    ]
  },
  {
    "value": "voluptuous",
    "synonyms": [
      "voluptuous"
    ]
  },
  {
    "value": "supple",
    "synonyms": [
      "supple"
    ]
  },
  {
    "value": "soft",
    "synonyms": [
      "soft"
    ]
  },
  {
    "value": "mellow",
    "synonyms": [
      "mellow"
    ]
  },
  {
    "value": "spineless",
    "synonyms": [
      "spineless"
    ]
  },
  {
    "value": "flabby",
    "synonyms": [
      "flabby"
    ]
  }
]